Company,Service Type,Email,Phone
285 TREE SERVICE INC,L,285TREESERVICE@GMAIL.COM,(303) 704-2749
4 SEASONS TREE CARE,L,NCBLUE317@YAHOO.COM,(303) 335-7325
A & R TREE SERVICE,L,rojito96@gmail.com,(303) 917-2084
A Guy and His Tractor,L,tractor@myedl.com,(303) 810-8018
A Touch of Class Tree Service,L,stauter@atouchofclasstreeservice.com,(303) 274-8431
ABSOLUTE TREE CARE LLC,L,JBLOTT3@GMAIL.COM,(720) 213-5957
Academy Arborist,L,arboricalscientist@gmail.com,(720) 229-3793
ACE TREE SERVICE,L,ACETREESERVICEDENVER@GMAIL.COM,(303) 593-1293
ACME TREE SERVICE,L,patricia2699@aol.com,(303) 288-8821
ADAMS TREE CARE LLC,L,josh@adamstreecarecolorado.com,(303) 301-5230
Aesthetic Tree Service,L,jeffopgenorth@comcast.net,(303) 756-8660
ALTITUDE ARBORIST,L,altitudearborist@gmail.com,(303) 810-2818
AMERICAN TREE,L,MANDI@AMERICANTREECOLORADO.COM,(303) 961-4268
Arbor Force,L,joe@arborforce.net,(303) 472-0192
Arbor Mountain Tree Experts,L,arbormountaintreeexperts@gmail.com,(720) 270-0110
Arbor Roots LLC,L,caleb@arborroots.com,(303) 582-4758
ARBOR TECH LLC,L,donald@arbortechtree.net,(303) 279-9337
Arborist Alliance Tree Service,L,info@arboristalliance.com,(303) 668-8599
Arborist Prime LLC,L,james@arboristprimellc.com,(720) 229-4398
ArborScape,L,contact@arborscapeservices.com,(303) 806-8733
Artistry Pruning Service,L,dougmcilrath@gmail.com,(303) 388-8946
"ASPLUNDH TREE EXPERT, LLC",L,CREDMOND@ASPLUNDH.COM,(303) 868-3283
AUTUMN TREE LAWN LANDSCAPE,L,info@autumntreell.com,(303) 868-3164
Bailey Tree Service,L,baileytreetrimming@gmail.com,(720) 940-6519
BARTLETT TREE EXPERTS,L,CPLUMLEY@BARTLETT.COM,(303) 770-4155
Bear Creek Landscaping & Tree Service,L,info@bearcreektreeservice.com,(720) 299-1409
BEETLE BUSTERS LLC,L,BEETLEBILL@YAHOO.COM,(507) 951-0594
"BIG LEAF INDUSTRIES, LLC",L,grant.lauer@gmail.com,(970) 310-3736
BLACK WALNUT ARBORISTS LLC,L,BLACKWALNUTARBORISTS@GMAIL.COM,(720) 448-0183
BLUE RIVER FORESTRY AND TREE CARE,L,DUSTIN@BLUERIVERTREECARE.COM,(720) 256-9056
"BLUE SKY TREE SERVICE, INC",L,MATT@BLUESKYTREEGUY.COM,(303) 210-5575
BLUE TREEPER ARBOR CARE LLC,L,BLUETREEPER@GMAIL.COM,(720) 736-3443
Branching Out Tree Service,L,support@branchingouttreeco.com,(720) 772-8253
Bullard Tree And Garden,L,forrest@bullardtreecare.com,(720) 951-2995
CANALES TREE SERVICE LLC,L,CANALESTREESERVICE@GMAIL.COM,(303) 642-6465
"CANOPY TREE SERVICE, LLC",L,info@canopytreecolorado.com,(303) 905-9859
COLORADO PREMIER TREE CARE LLC,L,EXPERTS@COLORADOPREMIERTREECARE.ORG,(970) 623-2226
Columbine Tree Service,L,yamahafohn@gmail.com,(303) 919-6268
Common Roots Tree Company,L,Info@commonrootstree.com,(720) 646-7344
Communitree,L,benjamints64@gmail.com,(970) 485-9559
COMPLIMENTREE COLORADO,L,artistreebode@gmail.com,(720) 340-6168
Copper Top LLC,L,COPPERTOPTREECARELLC@GMAIL.COM,(720) 772-9601
CORNERSTONE TREE AND LANDSCAPE SERVICES,L,cornerstonetreeandlandscape@gmail.com,(303) 718-9503
COVA TREE,L,COLLIN@COVATREE.COM,(720) 600-2682
CPR CONTRACTORS,L,vmcastro@comcast.net,(303) 744-8236
"Cypress Arboriculture, LLC",L,charlie@cypressarbor.com,(307) 620-1192
DANDY TREE CARE,L,DANDYTREECARE@GMAIL.COM,(720) 808-4792
DANLEY TREE CARE,L,mdanley@gmail.com,(720) 369-2272
DESIGNS BY SUNDOWN,L,jdees@designsbysundown.com,(720) 595-0369
DEVORA TREE SERVICE,L,DEVORATREESERVICE@GMAIL.COM,(720) 635-0194
DEYVIS TREE & SHRUB CARE,L,klockadam@gmail.com,(720) 456-8673
"DLC LANDSCAPE AND ARBOR, LLC",L,ALLY@DLCANDTREE.COM,(303) 378-8000
"DONOVAN ARBORISTS, LLC",L,PAUL@DENVERTREES.COM,(303) 623-8733
EDEN TREE CARE LLC,L,charles@edentreecarecolorado.com,(720) 775-5365
ELABORATE TREE TENDER LLC,L,CHAD@ELABORATETREETENDER.COM,(720) 814-1477
EMERALD ISLE LANDSCAPING INC,O,daveearley@tenditgroup.com,(303) 507-1904
EMERY'S TREE SERVICE,L,EMERYSTREESERVICE@GMAIL.COM,(720) 339-0102
Englewood Tree Service,L,bobegancapat@yahoo.com,(303) 972-4447
Englewood Tree Service,L,dfrazier05@comcast.net,(303) 761-7639
ENVIRONMENTAL DESIGNS,L,james.johnson@monarchlandscape.com,(303) 287-9113
Environmental Tree Care,L,kkz32884@gmail.com,(303) 368-8454
"Environmental Tree Care, LLC",L,FINANCE@ENVIRONMENTALTREECARELLC.COM,(303) 368-8454
Evolve Tree Experts,L,evolvetreeexperts@gmail.com,(303) 717-4622
EXTREME PLANT CARE,L,walker1974.jm@gmail.com,(303) 995-9764
FIELDING TREE AND SHRUB CARE LLC,L,contact@fieldingtreecare.com,(303) 667-5004
FORESTRY TREE CARE LLC,L,forestrytreesales@gmail.com,(720) 692-7304
"G.R. TREE SERVICE, INC.",L,info@gr-treeservice.com,(720) 296-1573
GALSTER TREE CARE LLC,L,josh_galster@yahoo.com,(619) 889-3438
GONZALES TREE SERVICE,L,albertgonzales524@gmail.com,(970) 846-1876
GOOD PEOPLE TREE SERVICE,L,GOODPEOPLETREESERVICE@GMAIL.COM,(720) 447-3839
GR8 WORK SERVICES,L,gr8workservices@gmail.com,(970) 531-6611
Grange Creek Tree Service,L,hazzardtree@gmail.com,(720) 296-2828
GREAT WESTERN TREE CARE,L,chad@gwtrees.com,(720) 535-8769
HOWARD TREE CARE,L,ben@howardtreecare.com,(720) 722-1769
Ironwood Earthcare Inc,L,derek@ironwoodearthcare.com,(303) 366-3020
JAMES TREE & SHRUB CARE,L,wr_james@msn.com,(303) 406-8828
JBK LANDSCAPE LLC,L,themphill@jbklandscape.com,(303) 751-0192
JIMENEZ TREE SERVICE LLC,L,JIMENEZTREESERVICE01@GMAIL.COM,(303) 408-7009
JOHN EGART'S TREE SERVICE,L,john.egart@gmail.com,(303) 819-3089
JONES LANDSCAPE CARE CO,L,info@jonestreeandlawn.com,(303) 431-8132
"JOSHUA TREE EXPERTS OF DENVER SOUTH, CO",L,KSAER@JOSHUATREEEXPERTS.COM,(203) 526-5784
K2 TREE SERVICE,L,rspringer05@yahoo.com,(973) 919-8662
"KEESEN LANDSCAPE MANAGEMENT, INC",L,DBALDWIN@KEESENLANDSCAPE.COM,(303) 761-0444
KING TREE & PROPERTY SERVICES,L,kc_ing@msn.com,(303) 919-4796
LAMBORN LANDSCAPE & TREE CARE,O,LAMBORNLTC@COMCAST.NET,(720) 441-9595
"LIMB WALKERS TREE SERVICE, LLC",L,henry@limbwalkerstreeservice.net,(720) 298-5477
Little Bear Tree Service,L,info@littlebeartree.com,(720) 505-7944
"LITTLE LEAF TREE SCIENCE, LLC",L,JOHN.SEPULVEDA13@GMAIL.COM,(414) 491-3150
Lynns Tree and Landscape Service,L,dakirch@hotmail.com,(720) 366-3226
M & M Mowing,L,leigh.kahre@gmail.com,(303) 238-5703
MALONEY TREE CARE,L,maloneytreecarellc@gmail.com,(720) 316-5280
Matt's Maintenance,L,matt@mattsmaintenancetreeservice.com,(303) 332-5747
MAXIM TREE SERVICE,L,ktnikolenko@gmail.com,(303) 932-0980
MILE HIGH TREE CARE,L,steve@milehightreecare.com,(303) 292-9393
MONSTER TREE SERVICE OF NORTH METRO DENVER,L,lrossi@whymonster.com,(720) 390-0644
MONSTER TREE SERVICE OF SOUTHWEST DENVER,L,MBARNES@WHYMONSTER.COM,(303) 870-8568
MQ LANDSCAPING & TREE SERVICES,L,LANDSCAPINGMQ@GMAIL.COM,(720) 288-8489
MY DENVER TREE SERVICE,L,mydenvertreeservice@gmail.com,(720) 470-7323
"N & D TREE, LLC",L,nik@ndtreeservice.co,(719) 651-4019
NEIGHBORHOOD ARBOR CARE,L,n.arborcare@gmail.com,(303) 669-0949
NELSON FORESTRY LLC,L,thetreeservice@gmail.com,(719) 775-6135
New Life Tree & Landscaping,L,newlifetreellc@gmail.com,(303) 433-4916
NICK LEWIS TREE SERVICES,L,NLewis5498@yahoo.com,(720) 644-7875
NICOLAS TREE SERVICE LLC,L,RODRIGUEZNICOLAS408@GMAIL.COM,(720) 939-0906
Northern Lights Tree Service,L,northernlightstreeservice@live.com,(720) 203-3186
NORTHWEST SERVICES,L,northwesttreecutter@gmail.com,(720) 628-9999
Preservation Tree Care Inc.,L,matt@preservationtreecare.net,(303) 870-1634
Purple Mountain Tree Service,L,purplemtntree@yahoo.com,(303) 995-5246
RELIABLE TREE CARE LLC,L,JOEPRANTE@GMAIL.COM,(303) 908-8122
Robertson Tree Service,L,robertsontreeservice1@gmail.com,(303) 512-3144
ROCKY MOUNTAIN CUSTOM LANDSCAPES,O,tfriar@H-2E.com,(720) 753-8021
Rocky Mountain Tree Care,L,customercare@rockymountaintree.com,(303) 431-5885
ROOT TREE SERVICE,L,ROOTTREESERVICE@GMAIL.COM,(720) 369-2963
Ross Tree Service,L,rosstree@rosstree.net,(303) 871-9121
Rush Management,L,terri@rushmanagement.com,(303) 444-2841
Sanctuary Tree & Garden Care,L,sanctuarytree@gmail.com,(303) 910-1663
SANDOVAL'S TREE CARE,L,info@sandovalstreecare.com,(720) 767-6366
Schulhoff Arborist,L,COLORADOCONNER@GMAIL.COM,(303) 279-1910
SCHULTZ INDUSTRIES,L,darylm@schultzindustries.net,(720) 299-5657
Scott Parry Certified Arborist LLC,L,scottparryca@gmail.com,(720) 778-7191
SJ TREE DESIGNS,L,SCOTT@SJTREEDESIGNS.COM,(720) 778-7336
Sunrise Tree Service,L,denvertreetrimmer@gmail.com,(720) 425-5477
SUNSHADE TREE CARE,L,sunshadetreecare@gmail.com,(303) 472-2266
SUPERTREES COLORADO LLC,L,DAVE@SUPERTREES.COM,(303) 515-1655
TANNENBAUM TREE CARE,L,CHARLIE@TANNENBAUMTREE.COM,(405) 684-3347
THE CUTTING EDGE LANDSCAPING,L,TIMHEIT.THECUTTINGEDGE@GMAIL.COM,(303) 456-2544
THE DAVEY TREE EXPERT CO,L,kevin.marks@davey.com,(720) 440-8733
THE DAVEY TREE EXPERT CO,L,jason.judd@davey.com,(303) 750-9273
The F.A. Bartlett Tree Expert Company,L,SDILETTOSO@BARTLETT.COM,(720) 527-2536
The Natural Way,L,robert@thenaturalwayinc.net,(303) 347-0988
TIGERTREE INC,L,OFFICE@TIGERTREEINC.COM,(307) 460-4767
Torres Tree Service,L,TorresTreeinc@gmail.com,(720) 231-6500
TREE ANALYSIS GROUP LLC,O,BOB@TREEANALYSIS.COM,(303) 726-1952
Tree Medicine Tree Service,L,Arborist@treemedicine.com,(303) 759-0665
Tree Pros,L,paul@tree-pros.com,(303) 791-3740
TREETEK LLC,L,TREETEK.CO@OUTLOOK.COM,(720) 999-5513
Vegas Tree Service,L,Mike.vega@vegastree.net,(303) 742-0278
